INSERT IGNORE INTO Instructor (email, last_name, first_name, desired_load)
VALUES
     ('gosnat@bethel.edu', 'Gossett', 'Nathan', 23.5),
    ('j-yang@bethel.edu', 'Yang', 'Jed', 23.5),
    ('t-auch@bethel.edu', 'Auch', 'Tanner', 23.5),
    ('d-thomas@bethel.edu', 'Thomas', 'Deborah', 23.5),
    ('yacste@bethel.edu', 'Yackel', 'Steven', 16.7),
    ('dunn@bethel.edu', 'Dunn', 'Lawrence', 12.4),
    ('wilkin@bethel.edu', 'Kinney', 'William', 23.5),
    ('huben@bethel.edu', 'Shull', 'Ben', 18.4),
    ('alebar@bethel.edu', 'Aybar', 'Alex', 21.7),
    ('rutliv@bethel.edu', 'Livingston', 'Ruth', 23.8);

  INSERT IGNORE INTO Course (course_id, department, course_title, num_credits)
  VALUES
      (1101, 'Computer Science', 'Intro to Programming', 4),
      (2102, 'Math', 'Precalculus', 3),
      (1104, 'Computer Science', 'Object Oriented Programming', 4),
      (1212, 'Computer Science', 'Data Structures', 3),
      (1216, 'Computer Science', 'Algorithms', 4),
      (1235, 'Computer Science', 'Computer Systems', 3),
      (1313, 'Computer Science', 'Database Systems', 4),
      (1351, 'Computer Science', 'High Performance Computing', 4),
      (1389, 'Computer Science', 'Artificial Intelligence', 3),
      (2104, 'Math', 'Calculus', 3),
      (2110, 'Math', 'Calculus 2', 3),
      (2200, 'Math', 'Multivariable Calculus', 3),
      (2214, 'Math', 'Discrete Mathematics', 3),
      (2221, 'Math', 'Linear Algebra', 3),
      (2310, 'Math', 'Differential Equations', 3),
      (2311, 'Math', 'Differential Equations and Linear Algebra', 4),
      (3100, 'English', 'How Stories Change the World', 3),
      (3101, 'English', 'British Literature I', 3),
      (3110, 'English', 'Introduction to Creative Writing', 3),
      (3111, 'English', 'Introduction to Professional and Technical Writing', 3),
      (3120, 'English', 'Reporting I', 3),
      (3121, 'English', 'Digital Storytelling', 3),
      (3203, 'English', 'World Literature', 3),
      (5400, 'Art', 'Underwater Basket Weaving', 4),
      (4200, 'History', 'American Civilization', 3),
      (4212, 'History', 'History of Islam', 3),
      (4216, 'History', 'American Constitutional History', 3),
      (4290, 'History', 'Introduction to History', 3),
      (4320, 'History', 'History and the Human Environment', 3),
      (4324, 'History', 'Human Rights in International History', 3),
      (4333, 'History', 'History of Crime and Punishment', 3);

INSERT IGNORE INTO Section (section_id, semester, section_num, year, course_id, class_mod)
VALUES
	(11010122, 'Fall', 1, 2022, 1101, 'A'),
    (11010222, 'Fall', 2, 2022, 1101, 'B'),
    (11010322, 'Fall', 3, 2022, 1101, 'C'),
    (21020122, 'Fall', 1, 2022, 2102, 'B'),
    (21020222, 'Fall', 2, 2022, 2102, 'D'),
    (11040122, 'Fall', 1, 2022, 1104, 'E'),
    (11040222, 'Fall', 2, 2022, 1104, 'A'),
    (12120122, 'Fall', 1, 2022, 1212, 'B'),
    (12120222, 'Fall', 2, 2022, 1212, 'F'),
    (12160122, 'Fall', 1, 2022, 1216, 'F'),
    (12160222, 'Fall', 2, 2022, 1216, 'B'),
    (12160322, 'Fall', 3, 2022, 1216, 'H'),
    (12350122, 'Fall', 1, 2022, 1235, 'A'),
    (12350222, 'Fall', 2, 2022, 1235, 'G'),
    (12350322, 'Fall', 3, 2022, 1235, 'D'),
    (13130122, 'Fall', 1, 2022, 1313, 'F'),
    (13130222, 'Fall', 2, 2022, 1313, 'G'),
    (13510122, 'Fall', 1, 2022, 1351, 'A'),
    (13510222, 'Fall', 2, 2022, 1351, 'G'),
    (13510322, 'Fall', 3, 2022, 1351, 'C'),
    (13890122, 'Fall', 1, 2022, 1389, 'A'),
    (13890222, 'Fall', 2, 2022, 1389, 'G'),
    (13890322, 'Fall', 3, 2022, 1389, 'H'),
    (21040122, 'Fall', 1, 2022, 2104, 'A'),
    (21040222, 'Fall', 2, 2022, 2104, 'B'),
    (21040322, 'Fall', 3, 2022, 2104, 'D'),
    (21041122, 'Spring', 1, 2023, 2104, 'A'),
    (21101122, 'Spring', 1, 2023, 2110, 'B'),
    (21101222, 'Spring', 2, 2023, 2110, 'D'),
    (21101322, 'Spring', 3, 2023, 2110, 'H'),
    (22001122, 'Spring', 1, 2023, 2200, 'C'),
    (22001222, 'Spring', 2, 2023, 2200, 'E'),
    (22001322, 'Spring', 3, 2023, 2200, 'H'),
    (22141122, 'Spring', 1, 2023, 2214, 'A'),
    (22141222, 'Spring', 2, 2023, 2214, 'D'),
    (22211122, 'Spring', 1, 2023, 2221, 'F'),
    (22211222, 'Spring', 2, 2023, 2221, 'G'),
    (23101122, 'Spring', 1, 2023, 2310, 'A'),
    (23101222, 'Spring', 2, 2023, 2310, 'C'),
    (23111122, 'Spring', 1, 2023, 2311, 'D'),
    (23111222, 'Spring', 2, 2023, 2311, 'G'),
    (23111322, 'Spring', 3, 2023, 2311, 'A'),
    (31001122, 'Spring', 1, 2023, 3100, 'B'),
    (31001222, 'Spring', 2, 2023, 3100, 'C'),
    (31011122, 'Spring', 1, 2023, 3101, 'G'),
    (31011222, 'Spring', 2, 2023, 3101, 'D'),
    (31101122, 'Spring', 1, 2023, 3110, 'B'),
    (31101222, 'Spring', 2, 2023, 3110, 'F'),
    (31111122, 'Spring', 1, 2023, 3111, 'G'),
    (31111222, 'Spring', 2, 2023, 3111, 'B'),
    (31201122, 'Spring', 1, 2023, 3120, 'C'),
    (31201222, 'Spring', 2, 2023, 3120, 'D'),
    (31211122, 'Spring', 1, 2023, 3121, 'E'),
    (31311222, 'Spring', 2, 2023, 3121, 'F'),
    (32030122, 'Fall', 1, 2022, 3203, 'G'),
    (54000122, 'Fall', 1, 2022, 5400, 'B'),
    (42000122, 'Fall', 1, 2022, 4200, 'E'),
    (42000222, 'Fall', 2, 2022, 4200, 'F'),
    (42121122, 'Spring', 1, 2023, 4212, 'E'),
    (42161122, 'Spring', 1, 2023, 4216, 'A'),
    (42901122, 'Spring', 1, 2023, 4290, 'C'),
    (43201122, 'Spring', 1, 2023, 4320, 'D'),
    (43240122, 'Fall', 1, 2022, 4324, 'G'),
    (43330122, 'Fall', 1, 2022, 4333, NULL),
    (22140122, 'Fall', 1, 2022, 2214, 'F'),
    (23100122, 'Fall', 1, 2022, 2310, 'B'),
    (21020322, 'Fall', 3, 2022, 2102, 'C'),
    (54000222, 'Fall', 2, 2022, 5400, 'D'),
    (42160122, 'Fall', 1, 2022, 4216, 'A'),
    (22000122, 'Fall', 1, 2022, 2200, 'E'),
    (21100122, 'Fall', 1, 2022, 2110, 'F')